,Location,Country,Category,Visitors,Rating,Revenue,0
8,OcCopAsiyJ,Australia,Cultural,59309,4.1,588988.55,Yes
10,dUCLjskBYA,Australia,Urban,25568,4.2,941320.46,Yes
12,JtZrdaVVxi,Australia,Urban,767695,1.06,653154.24,No
14,nsTgMvrDSM,Australia,Nature,677168,3.41,989416.73,Yes
15,sYmhNXNKxf,Australia,Beach,520163,3.63,65560.3,Yes
17,hFHhWNcgCG,Australia,Nature,412795,1.34,13352.38,Yes
26,SbNLXmzjSk,Australia,Cultural,802317,1.87,111955.55,Yes
48,YIipqbnKQh,Australia,Urban,232327,2.4,400977.82,No
50,AuZcZxlKiy,Australia,Cultural,812741,3.32,897449.41,Yes
51,JcPYAwztgg,Australia,Historical,825993,3.82,621813.92,No
52,GIYURImcwn,Australia,Adventure,950658,2.93,809130.85,No
56,NgXDapOwiX,Australia,Urban,878392,4.3,821471.41,No
58,fHnXeVwlFg,Australia,Historical,877034,1.01,487971.82,Yes
65,VdtaHdliYw,Australia,Adventure,765094,4.73,808802.5,Yes
68,zZKCXafOxv,Australia,Urban,847800,1.91,206474.88,Yes
78,uhuqfzyZwB,Australia,Beach,926326,3.57,726054.05,No
82,tqfDWWDHuO,Australia,Nature,808349,1.01,598753.61,Yes
86,bMsbmrELiN,Australia,Cultural,802225,1.63,380374.99,Yes
89,yiElbSUfuX,Australia,Urban,147619,3.94,435773.78,Yes
99,zgwCXeNNFV,Australia,Beach,637337,4.78,959725.69,No
105,eOnkEkJyxd,Australia,Beach,972818,3.61,18709.61,No
106,qTPGrxzuaT,Australia,Cultural,521195,3.13,360229.65,Yes
107,oWfVKKcqvw,Australia,Adventure,192563,4.69,121401.03,Yes
111,rOPDYOBcOO,Australia,Beach,552406,4.2,421889.7,Yes
116,rQfxryGooQ,Australia,Beach,710118,4.24,184331.74,No
119,YKYUnegOqN,Australia,Adventure,614983,1.23,410561.19,No
125,LjaRrRBCrd,Australia,Historical,81186,1.85,704950.07,No
134,GUMBtvdIXx,Australia,Cultural,117577,4.28,789624.19,Yes
137,UOBTBUBQcH,Australia,Nature,205036,1.86,778577.2,Yes
145,XtkqsVyGFn,Australia,Urban,286803,1.15,671025.38,No
158,QUZqdBArjv,Australia,Nature,447371,2.87,579519.92,No
160,LIdEDbcadP,Australia,Cultural,243162,2.58,290843.65,Yes
168,BcCZXhPpig,Australia,Cultural,193106,3.51,689007.52,No
199,WfClcjqNld,Australia,Historical,136593,4.12,502494.25,Yes
208,itznEjlPaA,Australia,Beach,605216,4.86,71911.64,Yes
221,MnWDTUoFIW,Australia,Beach,589429,2.06,24908.32,Yes
236,pXxOxFnLVA,Australia,Historical,998976,4.63,509279.84,No
244,hwMBWDbCKd,Australia,Historical,821997,2.78,631669.35,Yes
254,ekTQcTmcNk,Australia,Nature,740720,1.37,806809.48,No
274,SZivSGflEV,Australia,Beach,352240,3.39,364572.27,Yes
294,MtKKnZVCef,Australia,Historical,134086,3.83,182599.77,Yes
295,dBbLTRrcZT,Australia,Urban,102717,1.49,402253.01,No
300,jZxsmQYsGh,Australia,Nature,555646,3.87,230733.4,Yes
310,WbQOFnfEwL,Australia,Cultural,465367,4.4,952137.63,Yes
314,bmrxvwfhdQ,Australia,Beach,869239,4.2,22260.42,No
316,uxViDcWljj,Australia,Cultural,444084,1.19,734621.68,No
321,WVKDiUEuki,Australia,Nature,509677,4.27,51139.64,Yes
324,DcKXAWkjTH,Australia,Cultural,18712,3.44,472141.79,No
330,AkoAobWujQ,Australia,Beach,133555,1.77,433378.33,No
339,hAiRvUxmsS,Australia,Beach,864923,3.18,108630.53,Yes
342,vapBLphcgR,Australia,Beach,304538,2.59,831432.87,Yes
346,FuISMivFKs,Australia,Adventure,870421,2.94,549314.81,No
351,UokvXepWbI,Australia,Historical,117823,2.05,873034.66,Yes
357,nIvUDZvQRM,Australia,Beach,865013,4.95,310262.71,No
362,mWzJcaFDJe,Australia,Cultural,930005,2.46,11504.81,No
374,LxERLzjNsI,Australia,Beach,635049,3.66,979353.58,No
376,xzqjtiVUGG,Australia,Urban,521123,4.44,956558.97,No
378,KjTjIHRntC,Australia,Cultural,90653,3.93,471565.44,No
387,HoRwxQUADL,Australia,Historical,507423,3.69,975860.67,No
393,EctpwoPVQZ,Australia,Urban,729904,1.8,592128.24,Yes
400,BFzPRubYVQ,Australia,Historical,532845,3.52,653455.47,No
407,TTXqMiZcML,Australia,Cultural,439576,1.14,673987.28,No
426,MdmMnFnEJa,Australia,Adventure,592540,4.33,871729.35,Yes
469,tBYoUYYkoA,Australia,Urban,943089,3.17,544256.73,Yes
470,OrjShgjYWR,Australia,Historical,373092,3.59,912600.05,No
476,xweGgGhhxj,Australia,Historical,648358,1.88,685271.74,No
477,kSRhtQcLge,Australia,Urban,254373,3.81,575333.98,No
490,HKBneonIrp,Australia,Urban,891072,4.28,493591.41,No
495,gGBtmjoYzV,Australia,Cultural,99496,2.92,191061.71,No
505,PrUYmGROoe,Australia,Beach,621068,2.48,377511.47,Yes
509,HJACiHqNHQ,Australia,Beach,464005,1.08,221612.09,Yes
520,XcDVoywZnl,Australia,Nature,667356,3.68,555437.53,Yes
521,njphUcUhtZ,Australia,Cultural,975351,3.66,371583.14,Yes
529,fHwRgeoRCo,Australia,Cultural,903545,2.75,340032.95,No
538,pENbcRZKFE,Australia,Cultural,629125,3.5,643367.97,Yes
547,iOKrAEiwkg,Australia,Cultural,225075,1.78,56487.38,No
551,IhmfYaIHKe,Australia,Cultural,258256,2.74,724674.29,No
553,GDqUloqjLH,Australia,Cultural,881548,3.27,398660.5,Yes
560,qCsAIrqPld,Australia,Adventure,188736,3.82,936884.95,No
565,aBcnipGHLz,Australia,Adventure,802477,1.29,507590.92,No
568,iiiZpdYpxb,Australia,Historical,850934,1.63,583480.46,Yes
581,kkzXquenHT,Australia,Nature,510369,3.85,434925.54,No
582,gAuURShUBs,Australia,Historical,500562,1.54,576476.39,No
585,JHpHXaNFpk,Australia,Nature,330077,1.44,779487.87,No
589,HOuGuTqImH,Australia,Cultural,780578,4.03,25302.42,Yes
598,lJnsXFgVin,Australia,Adventure,979542,3.48,25601.69,No
600,dwVDxcYZbn,Australia,Beach,299923,1.16,243877.13,Yes
604,bnyPUHjwNH,Australia,Adventure,278507,4.3,883532.06,No
606,rnwAOygHAB,Australia,Nature,106909,4.19,836221.42,No
610,aUTCPhClHt,Australia,Cultural,912070,1.44,134640.31,Yes
632,kqKLwrFvVZ,Australia,Nature,882874,4.48,535357.79,Yes
642,IhpzycMjUP,Australia,Urban,767542,1.06,213221.56,No
643,LIEaimDkcn,Australia,Nature,384854,2.03,20209.34,Yes
645,rBMBdqyGgl,Australia,Cultural,394111,1.78,811229.2,No
662,QLdZUcjBiC,Australia,Historical,32479,1.25,540373.26,No
668,RgwGAnUJEa,Australia,Nature,339098,2.77,586114.95,No
672,MuKktOaBOW,Australia,Adventure,760108,1.47,939112.4,No
680,ZnXKgvZrJo,Australia,Cultural,949111,2.06,386634.26,Yes
681,RcVwwTwKgC,Australia,Historical,974139,4.06,894563.92,No
685,QGzftuQAzj,Australia,Historical,355563,1.26,395644.35,No
689,CnGftySnzr,Australia,Cultural,505793,4.23,621410.85,Yes
696,YCsbvadYQY,Australia,Nature,24231,3.41,519457.7,Yes
705,ElppaSHlts,Australia,Adventure,443121,4.74,533960.69,Yes
707,dtLGpudJjw,Australia,Urban,825495,2.9,340154.37,Yes
711,EPTTAONZwe,Australia,Cultural,94253,1.09,698430.98,No
716,dTJIDRtfSE,Australia,Nature,62172,4.16,413252.41,No
725,bFoYeNebTa,Australia,Urban,53530,4.15,374311.56,Yes
743,vsdntPxiSe,Australia,Nature,682482,1.14,136216.63,Yes
758,lDOKTFUfSM,Australia,Historical,937576,4.58,137018.81,Yes
761,NgTEuiWgGa,Australia,Adventure,866824,4.08,722324.08,Yes
768,cRvscoWGxN,Australia,Urban,152254,3.7,755258.34,Yes
769,ezfvxpFKhI,Australia,Urban,413573,2.88,720735.85,No
774,GjInhVhkEH,Australia,Beach,646602,4,792421.42,No
780,mmnFWaTAgR,Australia,Historical,330828,3.91,353762.95,No
793,uXtSJuFHlf,Australia,Nature,672748,1.08,688165.62,Yes
798,VMZcovMkqH,Australia,Historical,654868,1.15,414887.21,No
813,GIAuoNswod,Australia,Nature,853543,1.59,609196.44,No
818,XnanokLgOq,Australia,Nature,978837,1.92,799194.98,No
821,ZGZsqTajaW,Australia,Cultural,742240,3.46,741539.29,No
826,vaavkzHiQn,Australia,Adventure,483094,4.94,270008.59,Yes
834,yYtSnjjWfF,Australia,Cultural,24956,1.85,845010.48,Yes
871,fTgYuFdYxv,Australia,Beach,183377,4.21,387397.94,No
883,iOGipBRNGY,Australia,Beach,582872,2.66,673718.88,Yes
894,ZdOvSNTgBd,Australia,Urban,995335,1.45,623651.71,No
902,eOjAlOygVo,Australia,Historical,171317,2.69,370355.17,Yes
918,mMJgCLoRTc,Australia,Urban,126202,3.36,178619.3,Yes
930,wOyaeSmBsI,Australia,Beach,614134,4.77,17593.56,Yes
935,LrHyLNdPeb,Australia,Adventure,435653,2.81,276301.61,Yes
940,PryfUOYwAa,Australia,Historical,886390,1.76,193301.25,Yes
947,lFwyumQMLT,Australia,Adventure,877676,1.36,231519.71,No
952,bmZVBxTcei,Australia,Urban,571438,1.47,737283.59,Yes
956,yOvkqKAmEM,Australia,Cultural,72281,1.1,926554.35,Yes
966,KjcVHmZRjZ,Australia,Cultural,207189,3.42,445500.2,No
970,EyDjLotSmE,Australia,Historical,850060,4.7,696032.85,Yes
1001,VFcHJfwoki,Australia,Cultural,76113,4.27,927880.7,No
1006,ovLUEmhDIN,Australia,Urban,837663,4.46,381880.13,No
1008,hyVxjFyEAf,Australia,Urban,931672,2.89,2637.17,Yes
1019,HGqcLSUrZn,Australia,Adventure,511173,3.72,480928.7,Yes
1024,LPhpSJBqiS,Australia,Beach,813636,2.73,106741.98,No
1025,vBUxOlqukP,Australia,Beach,966040,3.91,155759.17,Yes
1036,AqRNTntEKz,Australia,Historical,153702,1.68,139247.39,No
1053,tTktNwKPMs,Australia,Nature,843326,2.29,652676.96,No
1057,migNQjySTS,Australia,Historical,882229,4.78,327691.41,No
1064,swVJQHFqAs,Australia,Urban,950546,4.81,521640.87,No
1065,XbDpVOIUwl,Australia,Beach,655351,3.92,216182.22,Yes
1068,sNxSNecRCs,Australia,Adventure,772866,1.37,944794.23,No
1070,xIYYDmArVT,Australia,Nature,181124,2.88,785439.12,Yes
1075,exLJPKEDAN,Australia,Historical,223560,4.16,873757.33,No
1076,hZDipIUrdx,Australia,Cultural,497984,3.47,812420.69,No
1086,oSSelbOsdD,Australia,Adventure,859602,4.02,159141.72,Yes
1088,JPdeACQsZC,Australia,Nature,617143,2.99,125768.27,No
1105,BZyJByMfxP,Australia,Nature,574179,2.59,683791.94,No
1107,bhKdBRoSYx,Australia,Adventure,324143,2.77,858702.23,No
1108,NTybCgXIWu,Australia,Beach,686714,3.37,550713.32,Yes
1110,ircYectqoK,Australia,Cultural,723399,4.8,54980.83,Yes
1112,hkpGZMzRZF,Australia,Adventure,505278,2.91,464753.93,Yes
1140,bDbBfpUmcu,Australia,Adventure,126703,3.19,514926.53,No
1142,baysTQuUSZ,Australia,Cultural,768913,4.63,51630.39,Yes
1148,RdyYUlMtMy,Australia,Beach,7294,2.55,772432.91,Yes
1152,fPYRJhZOZs,Australia,Urban,656494,4,20033.06,No
1159,QeZauEQiGB,Australia,Nature,768372,3,785289.19,No
1161,ZqLhlwqRbx,Australia,Historical,176764,1.26,300200.42,No
1164,TCLdGpSlLJ,Australia,Historical,956308,3.32,582572.64,No
1175,AllYWofRqi,Australia,Nature,59408,1.69,329461.21,No
1176,rgndSEDwCm,Australia,Nature,937288,1.67,7647.76,No
1181,ymseMKnkvg,Australia,Adventure,368932,4.19,771720.19,Yes
1189,ZzgkGqbYff,Australia,Cultural,48343,1.37,477908.5,Yes
1190,cYMmGAHXJr,Australia,Historical,771037,4.32,985215.04,No
1191,aXvMXgcUox,Australia,Beach,235701,4.91,253950.15,No
1195,xLSvKsHQms,Australia,Adventure,654382,1.32,936014.5,Yes
1210,BbEZGYUtzh,Australia,Historical,957965,4.84,734107.62,No
1215,HGlPIPyULQ,Australia,Cultural,608104,1.62,40344.86,Yes
1216,gVbzkZYpbf,Australia,Beach,870164,3.24,827006.12,No
1220,gavHdbPVpa,Australia,Adventure,625256,1.38,371480.37,No
1232,CBJKhAsbTU,Australia,Cultural,564418,4.52,352128.56,No
1233,AuOgesxCVG,Australia,Historical,195782,3.44,543615.34,Yes
1241,CGKmJtBjQR,Australia,Historical,781292,3.35,135059.07,No
1242,WGYmkLyLfh,Australia,Adventure,121172,1.65,322035.83,No
1251,seizWxvJnJ,Australia,Nature,745824,2.13,940499.26,No
1269,ecpoDgJIhK,Australia,Nature,346458,3.46,89764.47,No
1280,eCVzmNLfJZ,Australia,Urban,109052,3.25,511992.93,Yes
1281,kidDirqoPA,Australia,Adventure,180234,3.93,819506.81,Yes
1285,tRuLxmDCmn,Australia,Urban,455975,3.95,674902.59,Yes
1286,rqwHfxuJcO,Australia,Urban,197742,3.57,594330.61,Yes
1287,vDpBXGtLRt,Australia,Urban,514824,1.55,327746.18,No
1309,TXLVBIHSgS,Australia,Cultural,991333,4.81,643418.21,No
1325,rXIEKhZeDs,Australia,Adventure,611866,3.08,245017.6,No
1332,DrNdVzutJA,Australia,Nature,983360,1.13,171422.94,No
1338,opcCuIRcTr,Australia,Urban,663429,2.15,915322.5,No
1363,qmZvYOmPGN,Australia,Nature,926101,2.34,143267.28,Yes
1370,XyDKssTfbT,Australia,Historical,888097,3.31,220300.89,No
1380,mDqBQTNPsN,Australia,Historical,611419,3.15,808695.89,Yes
1385,SpmCldWyxw,Australia,Beach,973191,4.43,94120.51,No
1388,GpUSnvsecG,Australia,Adventure,789582,1.79,297740.3,Yes
1392,vUmJQeHWdt,Australia,Beach,346054,3.57,68703.52,No
1393,kMEVWVNNgy,Australia,Nature,969826,4.39,834306,Yes
1394,mqUfIamBap,Australia,Cultural,554185,2.3,101326.87,Yes
1398,aMMhFtgGAy,Australia,Urban,303313,2.24,451074.58,Yes
1409,pAdPsTLxQX,Australia,Adventure,937460,1.91,626458.55,No
1410,CmeZanAMYF,Australia,Urban,674740,4.27,852914.8,No
1431,oSPaWWeNtc,Australia,Cultural,528099,2.85,16675.88,Yes
1432,sRzxDWURdu,Australia,Cultural,33237,4.48,158671.35,Yes
1435,ElEOeoQeJC,Australia,Urban,591163,1.93,676244.38,Yes
1442,lNCYfASprG,Australia,Urban,561698,4.73,108726.48,No
1447,xLsOHdQAiG,Australia,Historical,906975,1.75,273035.78,Yes
1449,RknbCybhQq,Australia,Historical,468399,4.25,197831.57,No
1501,IVcIqXEjfW,Australia,Historical,303661,2.76,661431.74,Yes
1519,fdsLeEmlkc,Australia,Beach,765213,3.37,774814.91,No
1522,adxtuGrdQV,Australia,Urban,293929,4.23,241794.73,Yes
1530,UiCgjMyUVC,Australia,Historical,187945,1.74,429823.42,No
1532,DoQjAlOHRk,Australia,Cultural,242370,4.55,12852.41,No
1539,ovloAHWuNa,Australia,Nature,558056,3.32,476101.34,No
1545,CuyGucPdKL,Australia,Nature,599591,2.08,172714,Yes
1549,IMqSqAapWb,Australia,Historical,782314,2.98,316652.37,No
1561,CWsAPIdAVy,Australia,Urban,700481,2.01,803806.71,Yes
1568,lWFSDuNhkF,Australia,Beach,798715,1.26,358886.35,Yes
1572,SYpPgeRPux,Australia,Historical,247298,1.61,991539.78,Yes
1578,zyhDStFDgG,Australia,Beach,855418,2.66,999200.95,Yes
1579,ZEUAuuJYbT,Australia,Urban,336891,3.11,373820.93,Yes
1587,tWsDkZVuRu,Australia,Beach,412399,3.95,124179.47,No
1589,KKRYPnAnCs,Australia,Beach,594240,4.83,316434.33,Yes
1591,qcSAIpYBqz,Australia,Cultural,690593,3.89,439376.85,No
1592,FFPAKCYTvh,Australia,Urban,478427,1.29,897561.08,Yes
1598,DwWVvzkpyl,Australia,Nature,116439,4.82,457947.3,Yes
1601,uvFwIBzTTr,Australia,Adventure,664830,4.71,641775.09,Yes
1605,mHbQEJqhwq,Australia,Beach,808439,2.51,82857.2,Yes
1614,eTfuVehsLo,Australia,Beach,911690,1.55,389407.76,No
1629,IbfHFNNYeI,Australia,Beach,706623,2.91,398691.81,No
1631,wBnuhcaDlU,Australia,Beach,678325,3.86,986344.4,No
1636,RSvBpITWbR,Australia,Cultural,86506,3.05,746915,Yes
1644,LVMLvpGMGI,Australia,Historical,67661,3.5,326138.69,Yes
1645,JpJnNRtwit,Australia,Nature,540853,1.39,555626.15,Yes
1648,LKSrYYvIYJ,Australia,Adventure,192952,4.25,982585.47,No
1657,eAffpVPobt,Australia,Urban,119781,2.58,427554.59,Yes
1662,avBQFOyOOr,Australia,Nature,687556,3.46,763617.57,No
1669,VTfTniSiDG,Australia,Urban,34920,2.88,40277.76,Yes
1678,AakXYSatjT,Australia,Beach,2504,4.24,419349.8,Yes
1689,mhCTrCqImE,Australia,Historical,258099,1.54,931542.83,Yes
1694,WbuxvTeafX,Australia,Nature,978836,3.37,452948.81,No
1705,gvSflhRKWl,Australia,Historical,18769,3.5,727247.96,Yes
1716,FhlJZjVBpa,Australia,Beach,373637,3.17,729179.87,Yes
1717,sitFmHWSre,Australia,Beach,155004,1.15,495622.86,Yes
1730,EBowzEnXlU,Australia,Urban,98458,3.28,330917.44,No
1746,EAullXAUpa,Australia,Urban,170216,1.72,745150.5,Yes
1763,TJGLpxTKxe,Australia,Historical,373928,4.16,985069.82,Yes
1776,dnXMuOItPS,Australia,Adventure,212279,2.58,476534.41,No
1794,rwvLxKhyzE,Australia,Cultural,916660,1.56,88404.08,Yes
1802,dpUtTCdSOY,Australia,Historical,978561,2.42,805383.57,Yes
1804,OCsyefderh,Australia,Historical,557108,1.37,661896.28,No
1805,RAQPUrMREl,Australia,Urban,472272,3.81,527414.26,Yes
1816,rUgKFChdSo,Australia,Cultural,26411,1.57,428778.24,Yes
1818,xvhAmjttOr,Australia,Adventure,151275,2.55,295402.95,Yes
1826,DQBPrYQvzP,Australia,Beach,885795,3.8,875018.03,No
1830,tvbxdjUflw,Australia,Urban,153238,2.76,819467.73,No
1833,kgMJXMpUNi,Australia,Adventure,122104,4.6,100922.81,No
1835,HggLggtwnc,Australia,Adventure,745291,1.8,311540.71,No
1846,fBGkoVOZGE,Australia,Urban,89280,3.29,709040.27,No
1859,qEemSylvHa,Australia,Cultural,441265,3.01,277129.86,No
1860,MxHnpHjfmG,Australia,Nature,209522,3.61,690182.82,Yes
1864,GkyLmtratE,Australia,Adventure,488432,3.81,654298.9,Yes
1882,DXejFqOpVP,Australia,Historical,502491,1.05,585965.74,No
1895,JQkHuImynC,Australia,Cultural,688362,2.79,670376.46,Yes
1900,hSmhZMYMBC,Australia,Urban,390188,2.95,371717.33,Yes
1912,CejKzssTcV,Australia,Nature,464124,4.72,399834.96,No
1920,VyOpWypGre,Australia,Historical,723736,4.16,427517.27,No
1929,owwZkQMUkU,Australia,Adventure,478429,4.25,455976.59,Yes
1930,ObvfATdWXD,Australia,Cultural,999750,4.15,184504.3,No
1931,FSCfhPRxWL,Australia,Nature,249250,1.39,292147.08,Yes
1936,bOYCBSGLUS,Australia,Beach,454351,4.92,65882.03,Yes
1945,aMcWPpNXZR,Australia,Beach,436614,3.23,18704.1,No
1946,eUdmVfqJPu,Australia,Adventure,447620,2.18,81366.82,Yes
1956,RYgGvHuCSQ,Australia,Adventure,87612,1.52,769149.76,Yes
1960,HlXbqGGeey,Australia,Urban,865413,1.85,154005.38,No
1968,DAwlpjTgwQ,Australia,Adventure,402222,2.32,24046.81,No
1970,AeCbHkWsGZ,Australia,Adventure,249551,3.33,361471.49,Yes
1971,LxgyxwcLob,Australia,Cultural,304427,2.05,293182.45,No
1986,JtzpASzRfn,Australia,Beach,254598,1.38,112333.97,Yes
1987,BwcGPkXmoO,Australia,Urban,576739,3.45,162847.45,Yes
1989,mXkgvaaAtb,Australia,Beach,74761,3.65,163345.67,Yes
1990,XPuemqphJm,Australia,Historical,708561,4.57,445666.42,No
1991,ythutjqKUZ,Australia,Nature,274442,4.57,211098.26,No
1995,mrVTjmBZPd,Australia,Cultural,282978,2.49,848825.2,No
1996,GgOryuKIuA,Australia,Urban,545714,4.52,109248.64,Yes
1999,PhtPvhPNqU,Australia,Adventure,741488,2.05,652607.17,Yes
2011,ENAfwAnrYS,Australia,Historical,217151,4.16,312018.36,Yes
2017,cxYwVFztXG,Australia,Adventure,523306,4.15,210511.36,No
2020,rcFnVFeYSQ,Australia,Nature,812508,1.9,518949.57,Yes
2026,JFfLdUbYgA,Australia,Nature,904557,2.17,548619.18,Yes
2029,bqMIEmyORD,Australia,Urban,631645,1.25,163709.86,Yes
2030,JHduvACsJw,Australia,Cultural,999664,2.71,966022.6,No
2055,nupLItsngr,Australia,Cultural,430845,3.83,222163.61,No
2069,xFFzjdpxjG,Australia,Beach,286964,1.82,13255.08,No
2072,gtZUlUsyKW,Australia,Beach,15570,3.29,811529.37,Yes
2076,HOauDtnGNm,Australia,Adventure,796427,1.11,611715.8,No
2082,LHdsQNuxFQ,Australia,Adventure,313819,3.36,643997.09,Yes
2098,gHxVTpbuEx,Australia,Urban,823338,2.52,877850.37,No
2099,tIUJPIZKVN,Australia,Historical,158111,1.35,882590.57,No
2105,OFEFiMrlsM,Australia,Nature,202403,2.07,129191.05,No
2111,GfZpoutdMT,Australia,Cultural,759629,4.2,969996.18,Yes
2115,ymvJytCgrJ,Australia,Cultural,803755,1.25,986813.25,Yes
2122,eGhsJFJcEA,Australia,Historical,71453,4.75,622369.28,No
2123,JfhdRmOToz,Australia,Beach,835313,4.38,29004.05,No
2137,zzsuiwVQJz,Australia,Urban,622906,3.94,698630.99,No
2140,zdeqdRqEFS,Australia,Cultural,18181,4.41,851486.17,Yes
2143,dKByeOHHQw,Australia,Nature,633308,3.42,977744.45,No
2154,NJvvqtDZqj,Australia,Historical,712671,4.66,193699.47,No
2157,sHaArNnyHr,Australia,Nature,842070,2.44,331063.22,No
2196,LNWtBzNRXZ,Australia,Historical,733011,2.46,269092.28,Yes
2200,uUlCdFzCtK,Australia,Adventure,881943,4.22,176468.37,Yes
2208,IgYVozAIYp,Australia,Cultural,750053,1.74,651823.7,No
2214,kqloefJHZO,Australia,Adventure,182937,2.88,645031.44,No
2221,rKtSzsYhWo,Australia,Beach,268358,3.85,704589.34,Yes
2230,cmBQheoWKJ,Australia,Beach,104589,1.17,761327.07,No
2236,hlrOOlMWhH,Australia,Nature,380699,2.56,806017.68,Yes
2248,qTHKTeWUtx,Australia,Adventure,14664,4.28,671280.91,Yes
2256,UthTEqjMsz,Australia,Urban,634232,1,796925.16,Yes
2272,PxUPzxKcwY,Australia,Beach,424953,2.23,679414.65,No
2276,HKjmKnUxGU,Australia,Historical,594533,3.97,300531.67,No
2277,KjlMHxrruz,Australia,Cultural,909269,3.2,197292.56,No
2282,PuVthWUlLt,Australia,Adventure,794387,3.49,32408.99,Yes
2288,AthozXTFgI,Australia,Beach,863441,4.62,260061.89,Yes
2295,EleYfhOzFj,Australia,Historical,302553,3.91,481107.84,No
2301,SohNlFXOXP,Australia,Urban,270603,2.86,652096.13,Yes
2313,LYPTSBOKdN,Australia,Nature,198604,1.59,71053.06,No
2315,BHiKHNOVZL,Australia,Beach,839443,4.5,283846.29,No
2320,QcbfGszmfF,Australia,Nature,141700,1.39,754510.33,No
2324,WqMomdAGXM,Australia,Adventure,261728,3.78,353462.93,Yes
2330,WTHTaCkRzu,Australia,Nature,225882,4.83,339422.07,Yes
2342,JWZkFAkFgX,Australia,Urban,689406,4.95,686249.23,No
2348,pklNMhoEMo,Australia,Nature,473108,1.27,636513.29,Yes
2360,XgWymClnqR,Australia,Beach,447617,4.41,365498.93,No
2375,NBgzLkuQho,Australia,Adventure,828117,4.24,43767.78,Yes
2376,gGBCxvSKNb,Australia,Beach,67235,4.88,409932.44,Yes
2430,ZdZHZbyTRY,Australia,Beach,124560,1.1,785431.18,Yes
2431,pthbjfsKUS,Australia,Historical,88817,3.98,699959.65,No
2433,LcjbNCluzr,Australia,Cultural,411356,1.74,960763.55,No
2434,NIyuBxPpLy,Australia,Cultural,668154,2.7,670879.48,Yes
2435,CnrWMWuENY,Australia,Adventure,699589,1.2,562342.94,No
2437,yRtJXAHgII,Australia,Nature,535146,4.65,976203.48,No
2446,JkFKiXqnaJ,Australia,Cultural,706877,4.93,619991.26,No
2448,dzOqjIyArw,Australia,Cultural,281685,1.24,976443.9,Yes
2456,PpqFGTNKCO,Australia,Nature,926069,3.66,681113.84,Yes
2459,iDQKNjlAbD,Australia,Cultural,259336,4.13,410789.97,Yes
2463,DNRZUdexxo,Australia,Beach,344074,3.54,198272.08,No
2472,slezhyfNLJ,Australia,Cultural,187685,3.8,866293.18,No
2480,eXZXMXkxYO,Australia,Nature,7430,1.69,903619.29,No
2483,JNFBMvGryI,Australia,Nature,630020,2.44,717153.62,Yes
2485,ZMVWvqluhB,Australia,Historical,211962,1.83,493333.59,Yes
2501,rTAZwBABhU,Australia,Nature,662069,2.04,49960.46,No
2508,NVAovfzDHc,Australia,Adventure,78252,3.4,940872.29,Yes
2523,WKtbuzxKkr,Australia,Beach,688541,2.88,378702.28,No
2530,BlPsPNtjOX,Australia,Adventure,156789,1.5,285399.85,No
2532,BJIQEwTVSF,Australia,Cultural,473296,1.77,341115.46,No
2550,IySWxvOXit,Australia,Nature,126837,1.85,291145.54,No
2575,FDgoYoHIDn,Australia,Historical,246181,4,972180.48,Yes
2577,RxYpQwVWAM,Australia,Historical,360356,1.3,716039.5,Yes
2586,zlHBCnZszt,Australia,Cultural,718723,4.31,489692.22,No
2590,cxEOgoGfvH,Australia,Urban,96029,4.04,997433.45,Yes
2600,CstSbyxxQO,Australia,Adventure,420464,3.62,28347.41,No
2601,FRnXhjamfa,Australia,Cultural,454961,1.68,188460.49,No
2602,mhFzEBdftn,Australia,Nature,599636,1.43,264158.07,Yes
2619,iQHMqXQaES,Australia,Cultural,484568,1.5,963464.78,Yes
2626,fWmdZzdBFe,Australia,Nature,470353,3.88,100515.64,No
2634,dVEAiDIwyu,Australia,Nature,301871,2.24,972106.21,No
2658,FPVMUinBki,Australia,Urban,755974,1.39,963252.19,Yes
2666,Mmnwqvziev,Australia,Historical,855398,2.55,540105.2,No
2668,WxSaNbxOVF,Australia,Adventure,547848,2.65,829898.84,No
2673,fxsQavMetV,Australia,Adventure,995880,1.03,774458.81,Yes
2674,dVxmdGTiBF,Australia,Beach,283362,2.77,245337.59,No
2688,gjfWZTcJXM,Australia,Beach,912424,2.64,256382.51,Yes
2690,VolcNCtigd,Australia,Cultural,633280,2.7,4061.49,Yes
2697,BPSeERsHvw,Australia,Historical,717955,2.85,553450.48,No
2709,HpZotyMtoh,Australia,Historical,881189,1.47,601973.28,Yes
2720,aRthRYnnQY,Australia,Beach,224911,4.91,166413.1,Yes
2721,zUqlwdzcjV,Australia,Nature,458805,2.53,742560.12,Yes
2722,kCCDlkAwpf,Australia,Beach,26358,2.55,877005.22,Yes
2731,obqfFMXREV,Australia,Cultural,64219,4.64,433982.63,No
2740,lqLjlkkAZy,Australia,Historical,23023,3.26,655143.3,No
2747,XjZncmGBHC,Australia,Beach,476768,2.51,720136.17,No
2752,xkHhMQTLDx,Australia,Beach,706056,4.94,139953.78,No
2756,hcmrrDXDHs,Australia,Beach,725547,4.86,912361.74,No
2762,fARwtseURk,Australia,Adventure,367753,1.71,926156.48,No
2764,lCaRdPtWZT,Australia,Historical,681145,3.33,113715.48,Yes
2783,HWYJHJqcDX,Australia,Urban,157870,3.25,40230.64,No
2784,pJyOOYgTkY,Australia,Cultural,442223,3.32,258038.5,No
2792,KCuHfGAjdQ,Australia,Historical,192087,4.25,472424.26,Yes
2804,GKVEHfmUoY,Australia,Cultural,958950,3.5,238336.22,Yes
2806,iBDydcxOLr,Australia,Nature,270588,4.69,18495.1,No
2808,ASqKgodHrK,Australia,Historical,923866,3.94,708773.79,No
2810,ADHMzOCimO,Australia,Urban,874950,3.46,323840.31,Yes
2820,BcMJbiHsVH,Australia,Beach,408881,2.15,325212.33,Yes
2824,kGikDfWlup,Australia,Urban,745086,1.19,218361.91,Yes
2826,rjQRHZTxuL,Australia,Adventure,564992,1.46,817629.02,Yes
2830,aAIosBqXvh,Australia,Beach,460322,3.09,43758.19,Yes
2831,RpWSBIXhgZ,Australia,Historical,362856,3.84,272673.27,Yes
2847,qtZTHIIjlj,Australia,Nature,527962,2.89,158695.45,No
2856,IXlMNdxsqd,Australia,Cultural,180634,4.86,132341.42,Yes
2898,hIimmVOyOM,Australia,Adventure,204295,4.62,125288.55,Yes
2900,NxlwyuPUAK,Australia,Urban,872981,3.39,484110.01,Yes
2911,FbfJiYNvtg,Australia,Adventure,216829,4.33,145629.51,Yes
2920,aKDDGbfPwY,Australia,Urban,717514,1.19,360235.54,No
2926,UtkYoYggYV,Australia,Urban,864111,3.54,296474.46,No
2928,GtykOBmVii,Australia,Beach,256656,2.8,704391.35,No
2953,PDynIzsUfv,Australia,Nature,586183,1.09,455526.92,No
2968,reLLvdQDOE,Australia,Nature,930377,3.4,471245.54,No
2977,KQtDaIkZfw,Australia,Adventure,778312,4.19,823365.62,Yes
2988,IqaBVyHdsl,Australia,Urban,934026,1.55,299544.58,No
2995,AzMRaNriaT,Australia,Cultural,610956,1.24,523592.95,Yes
3017,NOFsfAQVeM,Australia,Adventure,250143,4.45,534871.21,No
3019,NMNjctesef,Australia,Adventure,375319,1.13,583249.4,No
3030,pYruWzxWAl,Australia,Cultural,506171,3.05,480386.35,Yes
3031,SOYQURuwJF,Australia,Historical,686679,3.34,716991.76,No
3071,AfXXZLkMoH,Australia,Nature,7084,1.96,228824.46,No
3073,Fwkuhgrzfs,Australia,Nature,470202,4.74,648786.63,Yes
3078,VXfnTWBMOB,Australia,Urban,412863,3.1,218196.13,Yes
3082,REtISunyGW,Australia,Beach,734003,2.73,632024.6,No
3086,TZFVUEFeAX,Australia,Adventure,942740,3.65,818462.42,Yes
3092,THcpPLjDYK,Australia,Adventure,771278,2.93,542751.37,Yes
3099,xwjpjZktNs,Australia,Nature,454768,2.54,742811.43,No
3106,gfTUQFnEYa,Australia,Beach,29199,2.2,879572.4,Yes
3110,MjrBzotLED,Australia,Beach,647625,4.38,437514.36,Yes
3112,jXeVqgTwpp,Australia,Beach,258198,3.45,765885.42,Yes
3121,AssjyCbLlG,Australia,Historical,240581,1.06,407834.8,No
3131,OszKdJDDgf,Australia,Historical,99702,2.91,943097.65,Yes
3133,PzpLValuex,Australia,Historical,613220,3.43,642438.4,No
3137,VdhfNIhIQL,Australia,Nature,592686,3.25,761497.65,No
3140,XMmSrLfspK,Australia,Adventure,396565,4.16,880813.54,Yes
3143,zVEgvkSeSQ,Australia,Historical,475971,1.59,640879.09,Yes
3157,wtUJiQVaAj,Australia,Urban,691897,3.74,165998.42,Yes
3163,qCqjLKzdUl,Australia,Cultural,42095,4.72,376987.42,No
3165,yUhuRcQFQJ,Australia,Adventure,297840,1.69,570242.35,No
3169,pCwDrEFTjz,Australia,Cultural,54410,1.3,164599.13,No
3170,ntbraUJFBn,Australia,Urban,71609,2.09,952319.2,Yes
3178,WNwxudhHvl,Australia,Nature,794097,3.28,668391.24,Yes
3182,pGmNzMxhtq,Australia,Cultural,502621,3.96,652835.17,No
3183,fOJAjNLOcs,Australia,Historical,524111,1.26,610612.52,No
3187,SJzTWdnfKO,Australia,Urban,269165,1.96,377882.17,Yes
3205,zJCObzorne,Australia,Beach,525217,2.53,856946.92,Yes
3206,pnRxKeqAha,Australia,Urban,634457,2,532118.43,Yes
3208,vREBEfOBdq,Australia,Beach,746077,1.66,780387.63,No
3216,DEcAHoruiG,Australia,Urban,179955,1.48,71978.79,Yes
3217,uqNIfDSbnm,Australia,Urban,237155,4.7,235423.5,Yes
3220,uNxzbEtjwF,Australia,Nature,21339,2.74,164129.19,Yes
3237,tVmsiCtNkp,Australia,Cultural,924032,1.14,101812.3,No
3241,pzguPtVFYa,Australia,Historical,189000,1.5,229433.67,Yes
3244,oCdCpBlmFl,Australia,Adventure,79526,4.62,75340.61,No
3253,BsPFYjskib,Australia,Nature,309798,2.79,289819.57,No
3270,nwaTyLQNUN,Australia,Historical,674229,4.28,85128.71,No
3278,vpsGfBjbjF,Australia,Adventure,634816,4.03,554969.59,No
3279,UCOCNbUgvF,Australia,Adventure,65004,1.84,905783.11,Yes
3289,sYuWmJglSK,Australia,Beach,401188,4.17,514444.22,No
3294,jkaGEnOHsm,Australia,Adventure,468594,2.27,640376.56,Yes
3307,MYQfnBgWAN,Australia,Nature,681019,2.42,526847.14,No
3309,OMVBBxkWjR,Australia,Cultural,38907,4.36,956915.94,Yes
3316,oXfwwwTRlp,Australia,Nature,83308,1.17,281677.37,Yes
3319,llNplbsNzk,Australia,Cultural,294538,5,646748.16,No
3323,tFdvjhKhQN,Australia,Historical,594428,3.19,346523.43,No
3327,NQFiFxDtmu,Australia,Historical,39401,4.63,654092.93,No
3345,nePhvQtAIh,Australia,Adventure,593198,1.15,565806.87,Yes
3347,WIJQIEKAKd,Australia,Nature,788555,1.43,824030,No
3350,SVIujhyTbQ,Australia,Cultural,141867,2.21,768887.84,No
3359,JmVoXDIQRe,Australia,Historical,181022,2.73,903001.33,Yes
3367,DiQVSWQcKM,Australia,Cultural,164889,3.12,626640.3,Yes
3374,IGXwEZgpQo,Australia,Historical,369071,3.74,99794.87,No
3387,HCLZyVhbSn,Australia,Historical,774585,4.08,171575.09,Yes
3407,GLdqScYvpP,Australia,Beach,592562,2.64,341860.42,No
3412,sGjSETwCHI,Australia,Cultural,990708,3.43,125472.22,Yes
3415,vJSTATMVvU,Australia,Urban,860306,3.12,216921.58,Yes
3418,xtliFMdZgJ,Australia,Nature,768901,1.64,532742.89,No
3420,kplaPlTlaw,Australia,Cultural,706566,3.55,288686.45,No
3426,WUpiIRWoKu,Australia,Cultural,470893,4.46,742712.89,No
3432,qaybgFtVBa,Australia,Historical,306140,1.45,49648.61,No
3434,tgGFgBmlfr,Australia,Beach,108445,4.49,644422.86,Yes
3456,RxKSIXkRHB,Australia,Beach,341047,4.49,150663.66,Yes
3460,fLFkVkFqYc,Australia,Nature,403458,1.92,654665.12,Yes
3461,XcJGSNheZA,Australia,Beach,119207,3.7,248998,Yes
3465,aWCpaVLDxL,Australia,Historical,907915,1.08,932078.75,No
3468,PXOZOdvQWp,Australia,Cultural,644860,4.72,443563.08,No
3481,pdowXOPyzx,Australia,Adventure,946985,1.67,349884.01,No
3491,RjblSkNlTB,Australia,Adventure,388059,1.79,26098.33,No
3506,uEbgzeaSFh,Australia,Nature,302205,4.61,989942.37,Yes
3512,AsOomBbbKS,Australia,Beach,902044,2.94,675887.61,No
3530,BSXFKvPLlY,Australia,Adventure,524809,1.71,96636.4,No
3532,mQQjXCNrjg,Australia,Beach,826582,2.32,227386.49,No
3540,gaPAQMqunZ,Australia,Beach,73949,3.72,81897.03,No
3546,oQqSgwqiem,Australia,Cultural,40846,4.99,296738.61,Yes
3552,yRcjWkVopt,Australia,Cultural,754226,4.25,162816.04,Yes
3557,RDkxWGEWvQ,Australia,Historical,983983,2.91,412404.26,No
3581,zvnaQZyFgX,Australia,Beach,8225,4.64,737102.25,Yes
3605,fosTImASDo,Australia,Beach,694024,3.43,169076.82,Yes
3613,aRYrMgRkQT,Australia,Adventure,632187,2.77,518407.24,No
3636,tKuTxJAQzZ,Australia,Urban,992927,2.52,415152.43,No
3653,oxkTngMRlf,Australia,Beach,623709,1.56,167024.79,Yes
3676,sRnviLEqEU,Australia,Beach,659756,3.4,809217.82,Yes
3678,EfuJLGRgFa,Australia,Nature,179583,2.41,400495.56,Yes
3681,pDxtJltias,Australia,Cultural,170266,3.45,654440.8,No
3700,raWmvNNMxi,Australia,Beach,909782,2.65,949389.08,Yes
3713,ADldvzTSfq,Australia,Beach,368541,3.32,856394.05,No
3717,YvMYPDRHSV,Australia,Beach,302192,3.66,889125.05,No
3724,BWFvAFSEgb,Australia,Beach,128123,4.13,286708.17,No
3726,jjcziBuxlU,Australia,Cultural,522231,3.23,395048.74,No
3747,lRuyhRViNM,Australia,Cultural,228177,4.8,514042.54,Yes
3750,CavoIrsFCq,Australia,Beach,229466,2.84,553520.28,No
3751,aqOLkAtiDr,Australia,Adventure,821758,3.35,263176.88,No
3769,UaeCBITsca,Australia,Historical,178995,4.91,208613.32,No
3771,vnyvDICrKt,Australia,Adventure,721494,1.36,158533.6,Yes
3775,cktFvzJkeD,Australia,Historical,859700,3.29,424241.66,No
3779,enTRNGyAwh,Australia,Adventure,780172,2.02,392250.51,Yes
3785,stzEGfEXfg,Australia,Nature,136956,2.87,591051.79,Yes
3786,bSdtplzhXP,Australia,Nature,831832,4.84,98241.21,Yes
3789,vDFUJayIwG,Australia,Beach,913519,1.94,354616.42,Yes
3793,bztntYdSFj,Australia,Historical,767632,3.49,933994.52,Yes
3794,lyamgYKPzp,Australia,Nature,984918,3.29,943258.91,No
3810,tkvcsOtOXZ,Australia,Beach,843476,1.42,77644.21,Yes
3834,EoUyZFOYLc,Australia,Adventure,718892,2.99,551159.19,No
3837,QClQqKnyaB,Australia,Adventure,110779,3.33,304129.89,No
3859,GGCOSmKtfE,Australia,Nature,198311,3.6,649026.85,No
3870,ALaTuaqBif,Australia,Adventure,972328,1.29,546332.41,No
3873,TQkxhnRaVQ,Australia,Historical,523743,2.26,962712.99,No
3875,ZEbiwQMhdP,Australia,Nature,427689,1.49,328367.67,No
3882,zsyEiZlaYr,Australia,Adventure,826149,4.33,654306.6,No
3889,EjnJCNgDqD,Australia,Nature,200913,5,459409.76,No
3896,pGoYVfxeWm,Australia,Adventure,432086,2.25,661226.25,Yes
3902,kPdgHGDhCp,Australia,Adventure,253659,2.24,230213.4,No
3923,krNsnBFziM,Australia,Urban,294800,4.54,562369.86,Yes
3928,twDoDaMNdU,Australia,Historical,655013,3.48,668934.27,Yes
3931,xQkvEMOKdL,Australia,Urban,464133,1.5,623651.07,Yes
3945,WXrUmuezIs,Australia,Nature,17562,2.76,182426.11,Yes
3947,xjTFoJAurL,Australia,Beach,288810,1.73,857363.76,No
3961,TeYWgmfvPZ,Australia,Adventure,492173,4.92,223444.13,Yes
3964,cnENAhhCnt,Australia,Nature,542441,1,212666.24,No
3967,brEwXAScvb,Australia,Cultural,308973,3.17,592321.98,Yes
3970,xasdvKcxNL,Australia,Nature,721435,1.08,780592.83,No
3975,deczMjpCTs,Australia,Adventure,43218,4.49,443395.81,No
3978,QYvdLWUuXm,Australia,Urban,729865,2,571646.2,Yes
3980,LxuYHlvoFZ,Australia,Cultural,30317,1.51,664041.31,Yes
3985,mUnjxHrZSy,Australia,Nature,948690,3.92,882867.66,No
3989,qQphpbRXgI,Australia,Cultural,439024,4.09,237925.95,Yes
3990,nhBhGoMHDe,Australia,Adventure,440754,2.19,95896.08,No
3996,WqLisSjven,Australia,Cultural,956942,1.31,973683.45,Yes
3997,NrkusOEBVk,Australia,Adventure,417646,3.82,797614.52,No
4013,yAkMOCGgVU,Australia,Beach,770978,3.13,831138.52,Yes
4014,VVPQlszGht,Australia,Historical,884756,2.26,944356.85,No
4016,AgvgkTdajR,Australia,Historical,501122,1.13,109124.74,No
4025,wSfVEUdErH,Australia,Nature,512495,3.74,641921.95,Yes
4047,xrjdjKKqIv,Australia,Nature,120773,1.32,400301.42,No
4051,KnjTjXelKc,Australia,Urban,78930,2.36,763297.06,No
4055,uSTebTPJEa,Australia,Nature,403181,4.12,24257.34,No
4056,lLlHHCgKrs,Australia,Beach,599685,2.58,760224.49,No
4070,oxjTBHKRCT,Australia,Urban,808518,2.79,55577.74,No
4082,GdtCBwkrom,Australia,Adventure,5751,3.62,973145.09,Yes
4088,YqDxdhorjW,Australia,Adventure,249801,1.72,760954.76,No
4102,mmYMfJPMwI,Australia,Urban,902860,2.95,693816.63,Yes
4105,RmjMFUCbyd,Australia,Historical,35667,4.89,631811.5,No
4113,LWWbKPNOCs,Australia,Urban,880340,1.45,209938.63,Yes
4117,wPMrKpITlb,Australia,Cultural,273676,3.15,461155.99,Yes
4124,VtCLHgdAqv,Australia,Cultural,147741,3.6,971146.35,No
4127,FrUdLTcJOb,Australia,Urban,819303,3.93,88606.46,No
4148,iQkEJugpvE,Australia,Nature,550532,2.31,606508.67,No
4149,MxqeCyHzVp,Australia,Historical,943125,3.23,733746.76,Yes
4150,sCZmojfWFS,Australia,Urban,353282,3.61,326188.48,Yes
4154,ADPUZRBVZA,Australia,Cultural,549716,1.54,211279.42,Yes
4168,igTJqWiqHI,Australia,Historical,86291,2.58,437395.52,No
4180,eosneJxNJB,Australia,Historical,634101,4.58,767113.81,No
4186,beQVVOoMDt,Australia,Urban,510996,3.68,758299.48,No
4187,bunSkeGXdV,Australia,Cultural,515224,3.92,343284.88,No
4188,pObGrbZuww,Australia,Adventure,5251,3.95,392974.27,No
4204,fvHwNwPRui,Australia,Beach,412231,1.21,986130.7,Yes
4207,aMTvMufkJQ,Australia,Adventure,525402,3.06,902329.47,Yes
4218,rbTVioWgIS,Australia,Adventure,382584,3.53,142524.86,No
4231,RPYfnVHVSp,Australia,Nature,735561,4.29,212736.3,No
4236,moIRLKpGRd,Australia,Adventure,989228,5,419299.31,No
4242,ZazVjnDRPY,Australia,Nature,197148,1.65,547685.05,No
4243,hryDXibFLx,Australia,Cultural,790753,3.54,840648.26,No
4268,EIxlhzCmKa,Australia,Nature,405391,1.38,694398.18,No
4278,uynqbARPrX,Australia,Urban,464636,4.07,315676.82,No
4280,kkkyYgQjXU,Australia,Historical,453625,2.91,503829.8,No
4282,nHiQIgnVTz,Australia,Adventure,56206,4.39,552320.26,No
4285,lkznxMuUmy,Australia,Cultural,954315,3.09,361024.59,Yes
4292,KnnTbcEnWB,Australia,Nature,670286,1.86,368368.27,No
4297,OQpTJdKegb,Australia,Adventure,510767,4.21,514448.6,Yes
4300,OavQOJvwCv,Australia,Cultural,807754,2.75,81056.84,No
4306,KBMGNlHHZk,Australia,Urban,129676,2.67,122661.83,No
4307,zVYOTsPiLo,Australia,Beach,149527,1.6,64530.71,Yes
4308,KjGsqSJUPo,Australia,Adventure,101005,3.76,600299.32,No
4314,JZUviTDnVW,Australia,Urban,319492,3.47,35036.02,No
4322,yMHDnAplSS,Australia,Historical,832968,3.7,551217.39,No
4330,sXYRtOWStR,Australia,Adventure,850374,4.65,539352.82,Yes
4338,XEuloIXCtu,Australia,Adventure,713256,1.69,594800.94,Yes
4346,cqwhAPoVCm,Australia,Adventure,99264,3.48,166764.77,Yes
4355,PpsHyryNFd,Australia,Cultural,41878,1.73,311663.68,Yes
4361,zSKYkzkIwm,Australia,Beach,856926,4.56,254054.51,Yes
4387,vCErtYyUET,Australia,Cultural,215369,1.23,305796.21,No
4389,EsFLFTmCAI,Australia,Nature,419849,1.73,575884.93,Yes
4391,iTllPpQXOo,Australia,Beach,20269,3.22,903978.9,Yes
4394,oAkYYtOWRV,Australia,Urban,824537,2.79,287645.56,No
4400,sYuCkkeCqp,Australia,Nature,639466,4.69,628041.4,Yes
4404,ghdYbpRobJ,Australia,Urban,376907,4.84,955592.35,No
4426,YrIeVqSiSt,Australia,Beach,288511,3.8,896692.04,No
4428,sIuEuVvVGg,Australia,Adventure,693669,4.75,223659.15,Yes
4437,cDUHvBQbpj,Australia,Nature,380628,2.21,890819.29,No
4452,jAaHsiXgLx,Australia,Cultural,636963,1.84,198267.72,Yes
4453,HNjthqIUWw,Australia,Historical,661854,1.94,737672.8,Yes
4461,YaMLIXwQBd,Australia,Adventure,109623,3.01,765906.19,Yes
4466,mtBaiieCEp,Australia,Beach,386966,2.98,787099.06,No
4479,DtIXmcnOmm,Australia,Urban,634006,1.76,384303.96,Yes
4481,YgMNMEQtKQ,Australia,Urban,439752,4.58,162256.57,No
4495,LeljccfqMG,Australia,Cultural,751179,2.05,244998.2,No
4496,MVGmkNXZnu,Australia,Nature,939221,2.71,28772.45,Yes
4497,BGWeEHVgDr,Australia,Historical,373826,3.8,439143.3,No
4514,jSWNAaEosa,Australia,Cultural,208705,1.75,157891.53,No
4518,sOYpxAYAjL,Australia,Beach,11547,1.05,571781.08,No
4520,QQDxzhycBg,Australia,Adventure,824389,1.38,415248.58,Yes
4522,kRqhoEcaXE,Australia,Beach,887938,4.02,379219.77,Yes
4527,zcnsfQhEEx,Australia,Adventure,685013,3.61,658889.74,Yes
4528,BYnhrzoxvp,Australia,Historical,474690,4.06,506525.39,Yes
4533,HtsLRKdJye,Australia,Cultural,243800,2.66,502556.99,Yes
4534,JocykfirDF,Australia,Urban,162803,1.24,835676.59,No
4541,yTONcbPYiC,Australia,Urban,365905,2.98,476195.24,Yes
4542,oEEdEWuuge,Australia,Beach,894289,3.36,614102.54,Yes
4550,EQndGKmGex,Australia,Cultural,234180,4.22,791904.03,No
4555,ibbFnyJusv,Australia,Beach,201204,2.16,650656.59,Yes
4568,FwxUOPHTMJ,Australia,Adventure,579333,3.04,620588.37,No
4588,baVVlvuIJl,Australia,Historical,65710,1.12,208180.24,No
4591,RctlShuReW,Australia,Nature,588719,1.76,238759.89,Yes
4596,XqRjJoRENC,Australia,Historical,37984,3.86,228667.47,Yes
4601,LnxeTKZlLd,Australia,Adventure,171940,1.12,321139.43,Yes
4602,UugQoZISMd,Australia,Adventure,402874,1.28,657346.97,Yes
4604,sqIzCsLpax,Australia,Urban,519963,4.17,836573.77,No
4606,poWyIFlsqy,Australia,Urban,966498,2.77,386579.87,No
4612,WyETOSDvXw,Australia,Urban,595040,4.1,946255.26,Yes
4621,iFuNNIYBQx,Australia,Adventure,86998,4.54,619343.57,Yes
4622,vKsiBZgWMR,Australia,Historical,818943,4.76,41729.53,No
4624,bUFtdpUrgc,Australia,Urban,116639,4.05,188373.36,No
4635,QkyLSoNigV,Australia,Beach,701583,4.97,372941.95,Yes
4645,yRFlbRqLeo,Australia,Historical,258790,4.27,526023.23,No
4647,cfMjtMwfEA,Australia,Beach,562937,2.8,599060.41,No
4648,WBDenirQcy,Australia,Urban,4372,2.35,49345.46,No
4649,wrDwVWHLwF,Australia,Adventure,740557,4.27,80423.71,No
4653,MmwkGsPsbg,Australia,Beach,295613,4.63,470639.71,No
4654,PIQpRSZYTJ,Australia,Cultural,988616,2.43,278794.98,Yes
4655,hwFYzLidao,Australia,Historical,271586,1.62,394135.52,No
4657,OIRnvAJBgP,Australia,Nature,654505,4.15,800967.55,No
4661,RpORQNsTCd,Australia,Historical,12500,3.02,39467.23,Yes
4663,ZQsbZyCWmi,Australia,Adventure,477130,2.84,245178.8,Yes
4672,syzbWZkTIi,Australia,Historical,886563,1.22,727604.44,Yes
4677,JbBumEllpI,Australia,Beach,498709,4.3,934564.45,No
4683,yLzGNhhFUT,Australia,Urban,814142,4.56,451316.35,Yes
4687,hmJvEKxyyL,Australia,Nature,861531,1.14,269217.7,Yes
4692,TnaPuZIccO,Australia,Nature,673331,3.84,158570.03,No
4695,ttqHyNdFaq,Australia,Adventure,39262,1.2,120791.11,Yes
4699,iIfhtffElJ,Australia,Cultural,578435,4.53,951560.24,Yes
4707,dWWXPdKnmg,Australia,Adventure,347114,1.73,102190.82,Yes
4712,XJsiBtfCuJ,Australia,Nature,3654,3.56,850922.43,Yes
4719,JpiclSVLyE,Australia,Cultural,62797,4.15,484991.44,No
4721,WBqNBbAAff,Australia,Historical,346871,2.13,792777.28,No
4725,dOEgQEyQrw,Australia,Historical,602100,2.35,411162.64,Yes
4726,wgOoDZvUIP,Australia,Nature,494063,4.77,590826.36,No
4731,OaPzjHrJSE,Australia,Historical,354585,1.04,786982.15,Yes
4757,PqEYdIlXoj,Australia,Beach,273947,1.77,817298.58,No
4780,DjJvOhklZk,Australia,Urban,675800,2.52,423706.47,No
4788,yRGBtYyYrk,Australia,Urban,535098,3.21,561887.77,No
4789,OahRluzjCP,Australia,Beach,209375,4.27,791731.66,Yes
4800,oodXJMMKEg,Australia,Adventure,536260,2.98,321262.24,Yes
4801,fVjsMdkGob,Australia,Beach,549643,3.31,806288.95,Yes
4805,GbNymiEiIT,Australia,Nature,822474,2.31,812477.15,No
4818,wumUqPhsNg,Australia,Nature,358102,4.28,211296.63,No
4821,WqsdXMKmKI,Australia,Cultural,115212,1.73,363968.69,No
4824,wbHbHKCkNL,Australia,Beach,303722,1.15,588301.29,No
4829,ekQIqrETlO,Australia,Adventure,626162,3.63,699602.05,Yes
4840,mGeQeKSIKv,Australia,Cultural,287311,1.81,556925.25,Yes
4848,ZxByptVjHt,Australia,Nature,530950,3.27,857872.41,Yes
4858,nMzybkuqHz,Australia,Beach,321811,4.03,171877.08,No
4861,KYvdhgWUAm,Australia,Beach,231982,4.55,292556.03,Yes
4864,ToWQWfadxI,Australia,Nature,249969,4.75,694397.03,No
4865,FIhgYxlKEl,Australia,Historical,281998,4.89,156733.68,No
4866,DYpZvLSOip,Australia,Cultural,832689,2.65,595738.13,Yes
4869,NaRYgkyqYe,Australia,Beach,268059,1.4,596139.07,No
4876,eLaqLFPTFh,Australia,Beach,945524,1.55,420609.84,No
4889,WYBDTWdtug,Australia,Urban,552640,1.25,950139.6,No
4892,MjKYzHAczQ,Australia,Historical,359287,2.39,514878.99,No
4895,EXXzxWiySC,Australia,Historical,617504,1.17,906890.96,Yes
4899,HfMxkYAtuH,Australia,Cultural,760320,3.19,135791.29,Yes
4915,EyblEaICoV,Australia,Urban,962565,1.13,709538.6,No
4928,iHcADXbKhJ,Australia,Cultural,435871,1.92,107225.49,Yes
4933,nXGlULyKUX,Australia,Adventure,341649,4.42,144208.99,Yes
4941,VswIExSRYO,Australia,Beach,558041,4.7,198993.04,Yes
4950,GHwbsteGew,Australia,Urban,547403,1.74,902819.95,No
4954,AVKWBSHBLu,Australia,Cultural,866276,4.44,848488.26,No
4956,RXGGEzEocd,Australia,Beach,592083,4.27,678314.23,No
4969,MQwnsWUdaW,Australia,Historical,986957,1.19,487793.79,Yes
4973,zjMDiQuXTQ,Australia,Cultural,846882,1.5,140312.63,Yes
4982,AImWodVzsL,Australia,Cultural,297944,3.39,322921.22,No
4983,iKAggAhkxN,Australia,Cultural,614222,2.56,350762.88,Yes
4992,WsmrKDzpuf,Australia,Adventure,776746,1.08,35789.66,No
5006,bheArFqVoI,Australia,Nature,366658,3.49,544090.64,No
5009,NeLlhCUsfT,Australia,Adventure,980889,2.57,937297.38,No
5016,KQysIqeKBO,Australia,Cultural,876577,2.81,973173.7,Yes
5047,FZrfEeWufe,Australia,Urban,688860,4.1,432685.26,Yes
5050,PwldvStvcW,Australia,Urban,917433,2.27,344283.15,No
5051,iHLGJmagyq,Australia,Nature,548608,3.42,934659.94,No
5055,XAaDJeMfck,Australia,Nature,858033,1.42,244330.72,No
5060,OEKfNTRoUa,Australia,Historical,169109,2.83,193368.62,Yes
5063,sLhtAPJOSU,Australia,Adventure,944098,1.58,90942.79,No
5065,jaiLHRDHIG,Australia,Nature,638685,2.53,866348.94,Yes
5074,YafahjpLHq,Australia,Beach,793332,3.75,152675.64,No
5077,SLKlUatzkA,Australia,Adventure,421547,4.58,870930.07,No
5078,RpuKuKBYAP,Australia,Cultural,640176,2.99,695423.94,Yes
5085,YdKmgtrlPs,Australia,Adventure,92219,2.03,68427.4,No
5102,eKIAIborjQ,Australia,Nature,556368,1.41,362956.83,Yes
5113,jreoEGKGNn,Australia,Adventure,493590,3.81,979961.13,No
5134,jccyzEXavA,Australia,Urban,685568,2.84,946488.45,Yes
5136,mdIqNFRVyK,Australia,Beach,60657,3.92,656906.47,No
5137,JbUMnCZvfc,Australia,Adventure,379001,2.98,328675.35,No
5155,SZooNVHdZa,Australia,Historical,185275,3.98,63145.97,No
5162,EPtPOASMBa,Australia,Beach,971704,1.63,413736.02,No
5163,anvdbSVwFp,Australia,Urban,246692,1.14,662778.77,No
5172,FUcwaesXIO,Australia,Cultural,424578,1.45,19547.22,Yes
5175,CsIqcxYXqU,Australia,Adventure,441325,3.92,969846.69,Yes
5190,YTKaMoqIRK,Australia,Historical,97995,1.75,331282.37,No
5192,JUfDLAZbum,Australia,Adventure,873382,1.81,378588.28,No
5206,DkwugogIWU,Australia,Urban,65628,3.51,206657.92,Yes
5207,kmGxEWOSEu,Australia,Historical,799475,2.26,957831.69,Yes
5217,imUthmdaMN,Australia,Adventure,877375,4.77,20123.54,No
5231,kaWcjqOsyI,Australia,Cultural,610794,4.58,247337.93,Yes
5232,vCxljhBcSH,Australia,Beach,542614,2.88,739801.34,Yes
5241,kzEihdKJMo,Australia,Urban,729647,2.31,326421.33,Yes
5246,iRdqiLIbAZ,Australia,Cultural,43648,3.48,47233.78,Yes
5249,NRrPnNOYMm,Australia,Nature,954940,3.3,624728.83,Yes
5252,QebTkfVfvl,Australia,Nature,139058,4.85,796437.1,Yes
5261,tGbIJggwoE,Australia,Urban,274180,1.19,945581.41,No
5264,CbCqwWQUYO,Australia,Beach,798062,1.61,288716.51,Yes
5277,sGpWfdncyb,Australia,Adventure,129340,4.88,359186.03,No
5278,yGvmMeEuiG,Australia,Beach,87357,1.97,765843.84,No
5279,LpmBZVriSe,Australia,Historical,8998,3.74,321913.7,Yes
5287,EEFExfmkKu,Australia,Historical,668844,3.92,91038.45,Yes
5288,GYVFTlgkfv,Australia,Historical,343985,3.21,587550.81,Yes
5293,mUdJcbjzNw,Australia,Historical,338929,3.96,423027.88,No
5297,buTrMZWZxM,Australia,Urban,72857,1.66,776002.42,Yes
5311,BfPtuaGABT,Australia,Beach,233298,1.81,453910.65,Yes
5317,clORdBkeDn,Australia,Beach,44116,1.26,155356.56,Yes
5322,RsVQtftSRx,Australia,Cultural,482242,3.31,900091.85,No
5330,PCNYJzeFeL,Australia,Beach,893116,4.13,123062.13,Yes
5332,DyodGsKttA,Australia,Beach,19840,4.84,949040.24,No
5360,RTkyQmtEuj,Australia,Urban,840536,3.36,916252.49,No
5361,kJgexBtKCw,Australia,Nature,253812,1.25,872774.4,Yes
5376,IlSsqvgbsN,Australia,Historical,243706,1.99,37654.86,No
5378,FVNzCvBHGA,Australia,Historical,964296,4.55,696923.48,Yes
5381,XOYBrbaWcj,Australia,Urban,914229,4.93,714398.39,No
5395,OUNlLRLylw,Australia,Adventure,277357,2.62,724258.96,Yes
5400,yfysdhRcfO,Australia,Cultural,838047,1.78,546097.44,No
5417,TDbgMaMFqZ,Australia,Adventure,355347,4.09,89266.59,No
5425,ANMhqNzvEV,Australia,Adventure,989018,2.96,800169.38,No
5428,EiqtkNrxzw,Australia,Urban,663744,4.68,144158.58,Yes
5438,wEKLPtmtea,Australia,Adventure,418168,1.38,411014.66,No
5439,DhurahfRsy,Australia,Beach,512761,4.69,586855.42,No
5444,icOLAejdOw,Australia,Cultural,406770,4.03,919992.62,Yes
5468,JaaCqJUpcW,Australia,Beach,802586,4.04,615519.05,Yes
5478,YTswTCCaxj,Australia,Beach,216914,2.25,882567.78,Yes
5488,PddGeRLFGz,Australia,Cultural,122052,3.19,383256.19,Yes
5491,aEoQvvWMGm,Australia,Urban,454418,4.29,500532.96,No
5530,LmMrcRpMQr,Australia,Historical,422783,1.27,739858.95,Yes
5537,zuuZmqHWZc,Australia,Beach,863450,4.6,970366.36,Yes
5554,lcUjOadSGp,Australia,Nature,506764,1.39,998439.3,No
5575,VdYZiYuKIW,Australia,Adventure,557744,2.36,863913.23,No
5582,nFomLBIyJu,Australia,Adventure,955172,4.07,678921.42,No
5590,rpciDMnmQv,Australia,Urban,614445,4.33,366277.11,No
5593,hWTgFSMxIW,Australia,Historical,39939,4.78,45870.37,Yes
5602,EhYonkwNGG,Australia,Historical,824524,4.01,158223.54,Yes
5604,CBNuuDSsut,Australia,Historical,803763,3.46,718288.04,Yes
5606,PYotYKXyEi,Australia,Nature,546084,3.03,405593.27,Yes
5607,mFLUfwhYAA,Australia,Nature,608422,2.72,550222.22,Yes
5611,OeIakhvTEo,Australia,Adventure,576236,1.98,79618.47,Yes
5617,WtdAkJyIUB,Australia,Beach,702107,1.89,2472.45,No
5618,SjKhtlAabb,Australia,Beach,116739,4.09,149050.17,No
5628,iqMZVqsUnB,Australia,Adventure,791632,2.61,750677.97,No
5632,QljXSTcWXB,Australia,Urban,51271,3.32,180128.95,No
5637,asScMlvxuO,Australia,Urban,4983,3.61,697645.96,No
5639,NaHNzRpaKH,Australia,Beach,364457,2.51,886627,Yes
5648,cTlhcDNQoE,Australia,Urban,312710,4.61,362522.93,Yes
5649,ydNZrdVMXt,Australia,Urban,451695,3.08,917659.18,No
5660,SWzVUUfZOp,Australia,Beach,32680,4.28,833870.84,Yes
5667,KHAQYvflZM,Australia,Beach,897205,1.58,121736.29,Yes
5670,AAbXtbnYmO,Australia,Urban,256174,4.67,461733.41,No
5677,EEiNyyxqiD,Australia,Beach,369905,3.32,869113.55,No
5696,ZiARaSuaaC,Australia,Cultural,981678,3.72,620687.25,Yes
5698,znjINbTkNf,Australia,Historical,522693,1.62,632633.72,Yes
5717,IByNpBhlWE,Australia,Adventure,16472,2.79,953785.82,No
5719,cNIftdRcVm,Australia,Cultural,837715,1.32,851367.53,No
5720,pFhAUXagsz,Australia,Adventure,616415,4.36,841935.94,Yes
5724,zBKRsKxycc,Australia,Nature,431271,2.63,16583.47,Yes
5733,qpFAirwOwp,Australia,Historical,696019,2.74,79981.46,Yes
5735,BBwrFWEUeq,Australia,Urban,124728,3.34,276752.21,No
5736,soeCeGBzsc,Australia,Historical,479864,4.66,463564.81,No
5737,evPcRriCBB,Australia,Adventure,605922,3.71,521211.95,No
5750,CwEQvdAqAN,Australia,Adventure,865972,2.91,172274.57,No
5758,kYkcOStqVO,Australia,Nature,264823,1.42,176120.91,Yes
5773,rtLpYWdJkC,Australia,Adventure,330473,4.65,472911.25,No
5774,ywazgUZSEW,Australia,Urban,918519,3.85,787210.84,Yes
5783,dCjsNSHdQR,Australia,Beach,717172,4.25,669894.61,Yes
5787,bDSKODHggF,Australia,Urban,749718,4.27,633693.87,No
5790,KthTcXklRt,Australia,Nature,95913,4.03,701518.84,Yes
5807,VVxMujRidT,Australia,Historical,124381,1.68,849732.15,No
5817,wmLXcpBphH,Australia,Beach,520822,4.14,684285.38,No
5824,eJkhsuumbI,Australia,Cultural,702203,1.53,735604.49,Yes
5829,bdfaJpJZiW,Australia,Nature,41390,3.54,39669.92,Yes
5836,eaFaSnDeDS,Australia,Adventure,686298,3.81,679463.02,No
5843,QrQzqEjMoq,Australia,Adventure,382077,4.55,303391.36,Yes
5848,JbyFWolXdL,Australia,Cultural,685876,1.91,937889.69,Yes
5853,rrrvfquzHD,Australia,Adventure,789062,4.31,770102.43,Yes
5857,cwkTRbYMhQ,Australia,Urban,260325,4.29,525466.06,No
5858,UxiAdnSRvw,Australia,Beach,827411,4.66,524092.95,Yes
5864,GDtcBhGQAB,Australia,Cultural,637097,1.54,189675.12,No
5868,ktbOBPtyiz,Australia,Adventure,633280,4.61,469881.92,Yes
5869,MsqIHEXpbO,Australia,Nature,5526,2.62,125730.62,No
5872,CmayksYTHF,Australia,Beach,408828,3.14,742241.24,Yes
5874,GysnXrHLVT,Australia,Cultural,908055,4.48,115835.09,No
5886,RtgMCRGJKU,Australia,Nature,363220,3.95,147753.54,Yes
5898,XHnNtgBxHj,Australia,Beach,858853,3.26,447719.12,No
5902,WzovLJepXB,Australia,Nature,977584,3.88,661418.22,Yes
5908,tosGnkSlDi,Australia,Nature,286333,2.54,576202.25,Yes
5919,eGGhjeTCPj,Australia,Historical,215682,2.68,918206.44,No
5928,WKcukzvHYZ,Australia,Nature,824140,3.38,913629.55,No
5929,nfGrGNfunE,Australia,Urban,791651,4.07,405374.95,Yes
5932,ctyfGgdmNB,Australia,Adventure,978174,3.42,403196.47,No
5934,JZEQzoqfTg,Australia,Urban,568981,3.88,751329.39,No
5937,yCFACTAxDT,Australia,Cultural,966370,1.44,551869.78,Yes
5961,MoLHwaXDbl,Australia,Adventure,358494,3.93,410233.13,Yes
5975,MzMClIYFCO,Australia,Historical,474132,3.19,399020.89,Yes
5983,nfYIpSMXeV,Australia,Urban,563437,4.83,652895.17,No
